ANO,NO_REGIAO,QT_VG_TOTAL,QT_INSCRITO_TOTAL,QT_ING,QT_MAT,QT_CONC,QT_SIT_TRANCADA,QT_SIT_DESVINCULADO,QT_SIT_TRANSFERIDO,QT_SIT_FALECIDO,BASE_VINCULOS,QT_IES,QT_CURSOS,TX_EVASAO_DESVINC_PCT,TX_TRANCAMENTO_PCT,TX_EVASAO_AMPLA_PCT,TX_PERMANENCIA_PCT,REL_CONC_ING_PCT,REL_CAND_VAGA
2022,Centro-Oeste,505112,842549,449601,846319,115134,172046,295738,7639,109,1321851,414,50934,22.37,13.02,35.97,64.03,25.61,1.67
2022,Nordeste,1394768,2246479,895452,2012721,246650,351091,566161,14923,220,2945116,735,109389,19.22,11.92,31.65,68.34,27.54,1.61
2022,Norte,528644,718342,385905,800671,94416,157486,256236,5119,291,1219803,322,46013,21.01,12.91,34.34,65.64,24.47,1.36
2022,Sudeste,2602106,3991057,2171056,4115186,608915,796278,1345677,54995,503,6312639,1177,229991,21.32,12.61,34.8,65.19,28.05,1.53
2022,Sul,627960,1012675,853144,1666393,222021,359895,544322,24078,234,2594922,482,127089,20.98,13.87,35.77,64.22,26.02,1.61
2022,,17171895,8176586,1799,2826,499,1403,819,114,0,5162,645,9603,15.87,27.18,45.25,54.75,27.74,0.48
2023,Centro-Oeste,501409,890595,466110,887833,119369,185536,303567,9287,105,1386328,426,56729,21.9,13.38,35.95,64.04,25.61,1.78
2023,Nordeste,1283836,2056785,954857,2119165,268745,354497,625423,15362,175,3114622,738,132475,20.08,11.38,31.96,68.04,28.15,1.6
2023,Norte,487717,764079,402426,847230,100014,156774,272564,5137,2089,1283794,327,53499,21.23,12.21,33.84,65.99,24.85,1.57
2023,Sudeste,2512491,3876873,2271492,4380449,652901,837356,1387038,62109,490,6667442,1181,270858,20.8,12.56,34.29,65.7,28.74,1.54
2023,Sul,655546,1038791,897601,1739758,233258,348188,624609,26596,240,2739391,491,147010,22.8,12.71,36.48,63.51,25.99,1.58
2023,,19180966,5887566,1706,2782,502,1851,824,115,0,5572,725,11039,14.79,33.22,50.07,49.93,29.43,0.31
2024,Centro-Oeste,451417,756029,460760,905093,115081,182610,340643,8810,150,1437306,427,60041,23.7,12.71,37.02,62.97,24.98,1.67
2024,Nordeste,1227869,2101272,944841,2186521,263345,339674,647315,21982,169,3195661,736,142672,20.26,10.63,31.57,68.42,27.87,1.71
2024,Norte,464478,781905,384111,863969,96860,152257,292377,5827,174,1314604,322,57450,22.24,11.58,34.27,65.72,25.22,1.68
2024,Sudeste,2309727,4037825,2337201,4518942,627003,789813,1621110,72608,516,7002989,1166,291176,23.15,11.28,35.46,64.53,26.83,1.75
2024,Sul,621655,981530,882203,1750161,231226,341471,642723,28521,230,2763106,488,157232,23.26,12.36,36.65,63.34,26.21,1.58
2024,,18590273,7064524,1497,2580,473,2342,656,106,0,5684,793,11778,11.54,41.2,54.61,45.39,31.6,0.38
