ANO,SG_UF,MODALIDADE,QT_VG_TOTAL,QT_INSCRITO_TOTAL,QT_ING,QT_MAT,QT_CONC,QT_SIT_TRANCADA,QT_SIT_DESVINCULADO,QT_SIT_TRANSFERIDO,QT_SIT_FALECIDO,BASE_VINCULOS,QT_IES,QT_CURSOS,TX_EVASAO_DESVINC_PCT,TX_TRANCAMENTO_PCT,TX_EVASAO_AMPLA_PCT,TX_PERMANENCIA_PCT,REL_CONC_ING_PCT,REL_CAND_VAGA
2022,AC,EAD,0,0,13308,20151,2407,3288,8132,142,1,31714,47,2799,25.64,10.37,36.46,63.54,18.09,
2022,AC,Presencial,25672,43212,5822,18765,3547,5990,3315,101,3,28174,12,139,11.77,21.26,33.39,66.6,60.92,1.68
2022,AL,EAD,0,0,31313,43093,4913,8163,18165,276,1,69698,76,5153,26.06,11.71,38.17,61.83,15.69,
2022,AL,Presencial,64997,122316,20355,69127,8264,8950,16667,317,6,95067,32,404,17.53,9.41,27.28,72.71,40.6,1.88
2022,AM,EAD,0,0,51711,68507,5207,16045,30768,729,8,116057,91,5759,26.51,13.83,40.96,59.03,10.07,
2022,AM,Presencial,145193,153220,32936,110369,15118,26413,20095,916,14,157807,33,677,12.73,16.74,30.05,69.94,45.9,1.06
2022,AP,EAD,0,0,14036,23861,2155,4537,10345,139,7,38889,41,1973,26.6,11.67,38.63,61.36,15.35,
2022,AP,Presencial,22405,38579,6583,25393,3230,3534,4479,132,192,33730,16,172,13.28,10.48,24.15,75.28,49.07,1.72
2022,BA,EAD,0,0,143519,207293,22343,42597,98043,1583,29,349545,140,29692,28.05,12.19,40.69,59.3,15.57,
2022,BA,Presencial,336554,635997,83054,270311,37657,26413,58639,2221,56,357640,155,2051,16.4,7.39,24.4,75.58,45.34,1.89
2022,CE,EAD,0,0,99143,147952,13764,29265,53685,1766,9,232677,126,17280,23.07,12.58,36.41,63.59,13.88,
2022,CE,Presencial,221695,381953,58444,205410,26360,45698,36893,2370,30,290401,101,1191,12.7,15.74,29.26,70.73,45.1,1.72
2022,DF,EAD,0,0,69558,91796,12288,25894,41673,816,10,160189,110,2597,26.01,16.16,42.69,57.3,17.67,
2022,DF,Presencial,174751,277689,44904,136683,22366,27050,31490,1882,9,197114,64,816,15.98,13.72,30.65,69.34,49.81,1.59
2022,ES,EAD,0,0,56662,84595,9834,16769,35788,897,7,138056,101,12300,25.92,12.15,38.72,61.28,17.36,
2022,ES,Presencial,91808,155020,29430,90934,14364,7818,20624,1620,16,121012,66,695,17.04,6.46,24.84,75.14,48.81,1.69
2022,GO,EAD,0,0,93778,123092,11981,25679,62824,1267,13,212875,135,19251,29.51,12.06,42.17,57.82,12.78,
2022,GO,Presencial,189162,279008,57971,166993,26377,23553,38132,1465,41,230184,119,1367,16.57,10.23,27.43,72.55,45.5,1.47
2022,MA,EAD,0,0,60072,89823,7263,15166,34417,673,11,140090,98,12319,24.57,10.83,35.87,64.12,12.09,
2022,MA,Presencial,107397,247806,34353,134593,18672,15909,21439,304,18,172263,65,863,12.45,9.24,21.86,78.13,54.35,2.31
2022,MG,EAD,0,0,281964,397349,51181,85456,152373,3186,51,638415,199,59472,23.87,13.39,37.75,62.24,18.15,
2022,MG,Presencial,451360,851916,150734,515551,81987,49182,94899,5730,73,665435,303,3763,14.26,7.39,22.51,77.48,54.39,1.89
2022,MS,EAD,0,0,61243,76873,7972,16826,39767,704,6,134176,91,11332,29.64,12.54,42.7,57.29,13.02,
2022,MS,Presencial,56691,131613,24158,66216,9901,14452,17245,350,7,98270,32,512,17.55,14.71,32.61,67.38,40.98,2.32
2022,MT,EAD,0,0,66142,89311,9090,15662,46470,986,11,152440,106,14274,30.48,10.27,41.41,58.59,13.74,
2022,MT,Presencial,84508,154239,31847,95355,15159,22930,18137,169,12,136603,70,785,13.28,16.79,30.19,69.8,47.6,1.83
2022,PA,EAD,0,0,115791,187683,18363,27343,81201,1601,18,297846,100,20369,27.26,9.18,36.98,63.01,15.86,
2022,PA,Presencial,211943,302778,45470,145085,19740,38377,23165,440,19,207086,77,1009,11.19,18.53,29.93,70.06,43.41,1.43
2022,PB,EAD,0,0,37135,54507,5934,9096,20739,458,7,84807,75,7231,24.45,10.73,35.72,64.27,15.98,
2022,PB,Presencial,99896,212914,35739,114930,13729,15066,27886,1002,6,158890,44,602,17.55,9.48,27.66,72.33,38.41,2.13
2022,PE,EAD,0,0,79040,112936,11856,24781,42903,851,9,181480,101,14796,23.64,13.65,37.76,62.23,15.0,
2022,PE,Presencial,321900,311198,67583,210095,29278,28650,45268,1250,10,285273,115,1252,15.87,10.04,26.35,73.65,43.32,0.97
2022,PI,EAD,0,0,29998,47224,4326,12462,16535,222,2,76445,76,5705,21.63,16.3,38.22,61.78,14.42,
2022,PI,Presencial,95288,174084,23444,85079,13459,16917,12676,58,10,114740,46,550,11.05,14.74,25.84,74.15,57.41,1.83
2022,PR,EAD,0,0,233110,340621,39522,81062,138126,3966,36,563811,168,47122,24.5,14.38,39.58,60.41,16.95,
2022,PR,Presencial,254170,444534,99176,307334,49995,47995,59809,3280,61,418479,164,2561,14.29,11.47,26.54,73.44,50.41,1.75
2022,RJ,EAD,0,0,278684,411475,44081,161605,155646,6037,58,734821,150,31445,21.18,21.99,44.0,56.0,15.82,
2022,RJ,Presencial,517431,808701,131931,448494,62091,112474,92334,9018,70,662390,126,2466,13.94,16.98,32.28,67.71,47.06,1.56
2022,RN,EAD,0,0,29921,46477,5339,12172,18236,222,5,77112,70,5218,23.65,15.78,39.72,60.27,17.84,
2022,RN,Presencial,80363,112507,25789,89533,11925,24535,16672,244,4,130988,29,565,12.73,18.73,31.64,68.35,46.24,1.4
2022,RO,EAD,0,0,30478,43934,5300,6957,32591,303,6,83791,73,6317,38.9,8.3,47.56,52.43,17.39,
2022,RO,Presencial,64617,64611,14559,41551,6322,4888,9655,81,4,56179,32,389,17.19,8.7,26.03,73.96,43.42,1.0
2022,RR,EAD,0,0,12842,16975,1320,4052,8438,110,4,29579,48,1639,28.53,13.7,42.6,57.39,10.28,
2022,RR,Presencial,23797,28303,4141,13934,1972,6369,2331,133,2,22769,9,131,10.24,27.97,38.79,61.2,47.62,1.19
2022,RS,EAD,0,0,216653,316462,35142,76233,136550,5509,37,534791,132,42701,25.53,14.25,40.82,59.17,16.22,
2022,RS,Presencial,230113,333817,74536,259423,43374,82522,59722,4531,39,406237,118,2469,14.7,20.31,36.13,63.86,58.19,1.45
2022,SC,EAD,0,0,168808,256479,27417,46638,107134,4982,29,415262,124,30590,25.8,11.23,38.23,61.76,16.24,
2022,SC,Presencial,143677,234324,60861,186074,26571,25445,42981,1810,32,256342,102,1646,16.77,9.93,27.4,72.59,43.66,1.63
2022,SE,EAD,0,0,20886,31268,3510,7089,12549,404,5,51315,60,4169,24.45,13.81,39.06,60.93,16.81,
2022,SE,Presencial,66678,47704,15664,53070,8058,8162,14749,702,2,76685,22,348,19.23,10.64,30.79,69.21,51.44,0.72
2022,SP,EAD,0,0,776463,961712,117280,210498,481831,6729,74,1660844,249,111461,29.01,12.67,42.09,57.91,15.1,
2022,SP,Presencial,1541507,2175420,465188,1205076,228097,152476,312182,21778,154,1691666,571,8389,18.45,9.01,28.75,71.24,49.03,1.41
2022,TO,EAD,0,0,26499,36659,3547,4406,15940,137,6,57148,63,4363,27.89,7.71,35.84,64.15,13.39,
2022,TO,Presencial,35017,87639,11729,47804,6188,5287,5781,155,7,59034,22,277,9.79,8.96,19.01,80.98,52.76,2.5
2022,,EAD,17171895,8176586,1799,2826,499,1403,819,114,0,5162,645,9603,15.87,27.18,45.25,54.75,27.74,0.48
2023,AC,EAD,0,0,14218,22390,2488,3999,9103,158,1,35651,48,3442,25.53,11.22,37.19,62.8,17.5,
2023,AC,Presencial,38914,51831,6473,17807,2589,5147,4719,105,4,27782,9,139,16.99,18.53,35.89,64.1,40.0,1.33
2023,AL,EAD,0,0,33451,49813,5208,9928,20379,316,1,80437,79,6021,25.34,12.34,38.07,61.93,15.57,
2023,AL,Presencial,57516,121568,20821,69321,8486,7405,13561,243,4,90534,29,381,14.98,8.18,23.43,76.57,40.76,2.11
2023,AM,EAD,0,0,51663,77926,6284,18996,34625,776,5,132328,98,7304,26.17,14.36,41.11,58.89,12.16,
2023,AM,Presencial,128714,155439,37746,121697,14907,18376,22137,512,20,162742,33,689,13.6,11.29,25.21,74.78,39.49,1.21
2023,AP,EAD,0,0,14277,24495,2600,5512,10664,168,0,40839,42,2382,26.11,13.5,40.02,59.98,18.21,
2023,AP,Presencial,19984,53041,6516,22489,2734,2840,5076,28,2013,32446,15,170,15.64,8.75,24.48,69.31,41.96,2.65
2023,BA,EAD,0,0,150249,230106,27074,42960,100916,2012,9,376003,154,36358,26.84,11.43,38.8,61.2,18.02,
2023,BA,Presencial,282556,515716,79948,259283,36433,28353,58326,2200,21,348183,148,1998,16.75,8.14,25.53,74.47,45.57,1.83
2023,CE,EAD,0,0,110981,173776,16624,35894,67790,2169,13,279642,135,20689,24.24,12.84,37.85,62.14,14.98,
2023,CE,Presencial,246724,394443,60698,206900,27665,42275,39811,1779,34,290799,98,1215,13.69,14.54,28.84,71.15,45.58,1.6
2023,DF,EAD,0,0,72041,102103,13306,30172,44998,905,8,178186,122,2950,25.25,16.93,42.69,57.3,18.47,
2023,DF,Presencial,162641,243866,44630,132502,22543,23260,28221,2610,8,186601,57,801,15.12,12.47,28.99,71.01,50.51,1.5
2023,ES,EAD,0,0,58398,93054,11340,20142,38755,798,5,152754,111,13756,25.37,13.19,39.08,60.92,19.42,
2023,ES,Presencial,102221,184527,28570,89037,13587,7120,16518,861,7,113543,66,671,14.55,6.27,21.58,78.42,47.56,1.81
2023,GO,EAD,0,0,98296,137253,15337,30915,68350,1443,11,237972,146,21661,28.72,12.99,42.32,57.68,15.6,
2023,GO,Presencial,200937,312603,63153,170511,25987,23734,35425,1511,24,231205,125,1369,15.32,10.27,26.24,73.75,41.15,1.56
2023,MA,EAD,0,0,62561,102870,8243,18655,38043,741,10,160319,105,14681,23.73,11.64,35.83,64.17,13.18,
2023,MA,Presencial,113194,237529,36980,133065,19253,15345,21858,853,18,171139,64,873,12.77,8.97,22.24,77.75,52.06,2.1
2023,MG,EAD,0,0,308535,447510,56978,105046,191919,3868,34,748377,213,70951,25.64,14.04,40.2,59.8,18.47,
2023,MG,Presencial,419668,827297,147546,505848,80618,38853,90051,6305,69,641126,296,3754,14.05,6.06,21.09,78.9,54.64,1.97
2023,MS,EAD,0,0,60851,86989,9874,20195,39501,834,10,147529,97,12427,26.78,13.69,41.03,58.96,16.23,
2023,MS,Presencial,53203,160378,24963,66941,9614,14477,15379,551,22,97370,29,499,15.79,14.87,31.23,68.75,38.51,3.01
2023,MT,EAD,0,0,71106,98807,10051,19503,49361,1196,5,168872,109,16209,29.23,11.55,41.49,58.51,14.14,
2023,MT,Presencial,84628,173748,31070,92727,12657,23280,22332,237,17,138593,70,813,16.11,16.8,33.08,66.91,40.74,2.05
2023,PA,EAD,0,0,123125,203220,20065,32976,87219,1803,5,325223,114,23724,26.82,10.14,37.51,62.49,16.3,
2023,PA,Presencial,191993,350907,47263,151339,20784,38318,25023,451,16,215147,76,1003,11.63,17.81,29.65,70.34,43.98,1.83
2023,PB,EAD,0,0,37856,60577,7284,10384,23402,457,6,94826,85,8925,24.68,10.95,36.11,63.88,19.24,
2023,PB,Presencial,91544,202062,38041,120319,15835,12766,22657,847,8,156597,45,607,14.47,8.15,23.16,76.83,41.63,2.21
2023,PE,EAD,0,0,95529,138698,15708,30280,56270,1000,10,226258,112,18961,24.87,13.38,38.69,61.3,16.44,
2023,PE,Presencial,288035,305841,66136,198515,30171,36532,45231,792,18,281088,117,1273,16.09,13.0,29.37,70.62,45.62,1.06
2023,PI,EAD,0,0,35560,57927,5626,14712,19465,293,5,92402,89,7255,21.07,15.92,37.3,62.69,15.82,
2023,PI,Presencial,78795,125796,22580,84649,13781,15693,13903,71,6,114322,47,555,12.16,13.73,25.95,74.04,61.03,1.6
2023,PR,EAD,0,0,250542,380915,46990,97649,158586,5249,39,642438,182,54455,24.69,15.2,40.7,59.29,18.76,
2023,PR,Presencial,260238,431169,103466,306839,45978,42040,62554,2541,65,414039,162,2515,15.11,10.15,25.88,74.11,44.44,1.66
2023,RJ,EAD,0,0,320526,478081,59078,181015,205150,6372,46,870664,164,37626,23.56,20.79,45.08,54.91,18.43,
2023,RJ,Presencial,550582,777052,136608,444729,65715,101641,84776,9953,74,641173,124,2403,13.22,15.85,30.63,69.36,48.1,1.41
2023,RN,EAD,0,0,36231,54091,6947,10637,25507,306,2,90543,78,6828,28.17,11.75,40.26,59.74,19.17,
2023,RN,Presencial,71708,112100,26678,91334,12965,8812,31560,199,3,131908,26,548,23.93,6.68,30.76,69.24,48.6,1.56
2023,RO,EAD,0,0,30729,44833,6267,6936,23158,352,9,75288,75,6928,30.76,9.21,40.44,59.55,20.39,
2023,RO,Presencial,54537,59412,15425,42864,6038,4451,8685,151,6,56157,32,384,15.47,7.93,23.66,76.33,39.14,1.09
2023,RR,EAD,0,0,11583,18442,1502,3942,9212,141,0,31737,50,1933,29.03,12.42,41.89,58.11,12.97,
2023,RR,Presencial,18874,21975,4139,13988,1967,5031,3774,62,1,22856,9,137,16.51,22.01,38.8,61.2,47.52,1.16
2023,RS,EAD,0,0,225076,343209,43779,83445,156620,6380,30,589684,148,50144,26.56,14.15,41.79,58.2,19.45,
2023,RS,Presencial,232467,350354,78983,245005,37558,46657,83933,4691,37,380323,116,2423,22.07,12.27,35.57,64.42,47.55,1.51
2023,SC,EAD,0,0,176629,274240,32348,59181,124023,5581,33,463058,134,35804,26.78,12.78,40.77,59.22,18.31,
2023,SC,Presencial,162841,257268,62905,189550,26605,19216,38893,2154,36,249849,97,1669,15.57,7.69,24.12,75.87,42.29,1.58
2023,SE,EAD,0,0,23896,37226,4102,7936,13721,522,3,59408,60,4985,23.1,13.36,37.33,62.66,17.17,
2023,SE,Presencial,53764,41730,16661,50695,7340,5930,13023,562,4,70214,22,322,18.55,8.45,27.79,72.2,44.05,0.78
2023,SP,EAD,0,0,812136,1130803,150595,250635,494165,11035,110,1886748,282,133446,26.19,13.28,40.06,59.93,18.54,
2023,SP,Presencial,1440020,2087997,459173,1191387,214990,132904,265704,22917,145,1613057,559,8251,16.47,8.24,26.13,73.86,46.82,1.45
2023,TO,EAD,0,0,26651,41145,5084,5592,18225,242,2,65206,72,4987,27.95,8.58,36.9,63.1,19.08,
2023,TO,Presencial,34701,71474,12618,44595,6705,4658,10944,188,7,60392,23,277,18.12,7.71,26.15,73.84,53.14,2.06
2023,,EAD,19180966,5887566,1706,2782,502,1851,824,115,0,5572,725,11039,14.79,33.22,50.07,49.93,29.43,0.31
2024,AC,EAD,0,0,12313,21610,2444,4317,10756,214,0,36897,54,3788,29.15,11.7,41.43,58.57,19.85,
2024,AC,Presencial,18764,46608,5938,17486,2177,5042,3796,133,1,26458,10,126,14.35,19.06,33.91,66.09,36.66,2.48
2024,AL,EAD,0,0,32783,53584,4936,10425,24270,677,3,88959,78,6516,27.28,11.72,39.76,60.23,15.06,
2024,AL,Presencial,53435,114996,20638,69459,8379,5891,14067,152,4,89573,29,379,15.7,6.58,22.45,77.54,40.6,2.15
2024,AM,EAD,0,0,49560,80167,7268,19180,41892,864,8,142111,100,7949,29.48,13.5,43.58,56.41,14.67,
2024,AM,Presencial,133727,166032,36011,116529,15157,18460,30262,572,9,165832,33,717,18.25,11.13,29.73,70.27,42.09,1.24
2024,AP,EAD,0,0,12620,23723,2183,4624,11554,187,22,40110,41,2497,28.81,11.53,40.8,59.14,17.3,
2024,AP,Presencial,22727,40634,7258,24070,2397,2163,3963,92,65,30353,15,174,13.06,7.13,20.49,79.3,33.03,1.79
2024,BA,EAD,0,0,151990,247820,30046,43409,117950,3048,21,412248,159,38864,28.61,10.53,39.88,60.11,19.77,
2024,BA,Presencial,249757,530448,83282,254041,35491,30896,50013,1394,31,336375,144,1851,14.87,9.18,24.47,75.52,42.62,2.12
2024,CE,EAD,0,0,98721,173694,17719,33595,80058,2905,13,290265,138,22028,27.58,11.57,40.16,59.84,17.95,
2024,CE,Presencial,239305,420370,61227,206664,25627,41418,37778,2878,22,288760,98,1246,13.08,14.34,28.42,71.57,41.86,1.76
2024,DF,EAD,0,0,75311,113282,14656,27586,56813,1317,9,199007,121,3142,28.55,13.86,43.07,56.92,19.46,
2024,DF,Presencial,137663,198624,46729,135051,20290,22343,26566,945,19,184924,60,775,14.37,12.08,26.96,73.03,43.42,1.44
2024,ES,EAD,0,0,69901,94795,10519,19388,51985,1273,12,167453,110,14696,31.04,11.58,43.38,56.61,15.05,
2024,ES,Presencial,80663,150609,27592,87540,12343,5888,16359,943,12,110742,61,645,14.77,5.32,20.94,79.05,44.73,1.87
2024,GO,EAD,0,0,94475,139049,14740,30350,79297,1749,18,250463,159,22750,31.66,12.12,44.48,55.52,15.6,
2024,GO,Presencial,182940,286259,62323,173596,24351,23154,38611,1455,47,236863,122,1352,16.3,9.78,26.69,73.29,39.07,1.56
2024,MA,EAD,0,0,56243,104743,8277,18081,47365,1031,3,171223,107,15510,27.66,10.56,38.82,61.17,14.72,
2024,MA,Presencial,111963,243367,35382,126996,16203,12447,25683,252,14,165392,64,841,15.53,7.53,23.21,76.78,45.79,2.17
2024,MG,EAD,0,0,304020,467654,55613,110005,232250,4945,59,814913,227,76146,28.5,13.5,42.61,57.39,18.29,
2024,MG,Presencial,428219,772531,141425,483107,74106,32215,92638,6478,80,614518,286,3651,15.07,5.24,21.37,78.62,52.4,1.8
2024,MS,EAD,0,0,58978,88299,9459,19851,48441,1036,12,157639,100,13213,30.73,12.59,43.98,56.01,16.04,
2024,MS,Presencial,48599,135899,23412,65947,9002,13829,15652,451,18,95897,30,494,16.32,14.42,31.21,68.77,38.45,2.8
2024,MT,EAD,0,0,67974,99380,9792,19986,59331,1489,18,180204,114,17489,32.92,11.09,44.84,55.15,14.41,
2024,MT,Presencial,82215,135247,31558,90489,12791,25511,15932,368,9,132309,70,826,12.04,19.28,31.6,68.39,40.53,1.65
2024,PA,EAD,0,0,117064,209882,19645,32267,95000,2021,12,339182,110,25574,28.01,9.51,38.12,61.88,16.78,
2024,PA,Presencial,170296,339452,46735,160939,20868,34098,25611,556,25,221229,76,995,11.58,15.41,27.24,72.75,44.65,1.99
2024,PB,EAD,0,0,37668,65136,7251,11480,26415,1174,3,104208,90,9845,25.35,11.02,37.49,62.51,19.25,
2024,PB,Presencial,94351,166564,37983,123494,15984,13842,17887,785,7,156015,46,602,11.46,8.87,20.84,79.16,42.08,1.77
2024,PE,EAD,0,0,99910,154969,15904,32007,68404,3388,10,258778,120,21526,26.43,12.37,40.11,59.88,15.92,
2024,PE,Presencial,299936,285927,70259,216806,30413,24922,35405,977,22,278132,117,1249,12.73,8.96,22.04,77.95,43.29,0.95
2024,PI,EAD,0,0,35265,62339,5640,16231,24283,711,4,103568,88,8120,23.45,15.67,39.8,60.19,15.99,
2024,PI,Presencial,73500,160884,25314,86377,11971,16292,10997,43,4,113713,47,573,9.67,14.33,24.04,75.96,47.29,2.19
2024,PR,EAD,0,0,256583,401263,48777,100863,188987,6133,35,697281,190,58357,27.1,14.47,42.45,57.55,19.01,
2024,PR,Presencial,240344,422169,105516,310203,45978,42533,56681,3641,70,413128,157,2493,13.72,10.3,24.9,75.09,43.57,1.76
2024,RJ,EAD,0,0,323617,504118,60221,158383,271880,8028,76,942485,163,40478,28.85,16.8,46.5,53.49,18.61,
2024,RJ,Presencial,554841,782273,131111,440695,61487,79568,86778,8546,63,615650,121,2307,14.1,12.92,28.41,71.58,46.9,1.41
2024,RN,EAD,0,0,34796,60193,6925,9463,23269,1119,5,94049,82,7511,24.74,10.06,35.99,64.0,19.9,
2024,RN,Presencial,60594,140713,25268,90560,11285,7629,16742,175,3,115109,28,511,14.54,6.63,21.32,78.67,44.66,2.32
2024,RO,EAD,0,0,29238,45487,5665,8213,23452,421,3,77576,75,7435,30.23,10.59,41.36,58.64,19.38,
2024,RO,Presencial,60563,71684,13916,43161,5263,3420,8715,107,7,55410,31,370,15.73,6.17,22.09,77.89,37.82,1.18
2024,RR,EAD,0,0,10746,19542,1602,3878,8867,157,1,32445,50,2037,27.33,11.95,39.77,60.23,14.91,
2024,RR,Presencial,21997,26496,5303,14629,1665,5334,2596,27,1,22587,9,135,11.49,23.62,35.23,64.77,31.4,1.2
2024,RS,EAD,0,0,207546,337791,43405,82691,170483,6824,24,597813,150,53305,28.52,13.83,43.49,56.5,20.91,
2024,RS,Presencial,224971,312414,76206,241395,33743,39162,47350,4160,47,332114,114,2346,14.26,11.79,27.3,72.68,44.28,1.39
2024,SC,EAD,0,0,170979,268875,32415,56844,142066,5826,28,473639,137,39115,29.99,12.0,43.23,56.77,18.96,
2024,SC,Presencial,156340,246947,65373,190634,26908,19378,37156,1937,26,249131,95,1616,14.91,7.78,23.47,76.52,41.16,1.58
2024,SE,EAD,0,0,22063,38876,4555,7327,16601,764,0,63568,60,5193,26.12,11.53,38.84,61.16,20.65,
2024,SE,Presencial,45028,38003,16049,50770,6739,4319,10128,509,0,65726,21,307,15.41,6.57,22.76,77.24,41.99,0.84
2024,SP,EAD,0,0,891046,1268490,159865,261416,603890,22064,96,2155956,302,145292,28.01,12.13,41.16,58.84,17.94,
2024,SP,Presencial,1246004,2332412,448489,1172543,192849,122950,265330,20331,118,1581272,545,7961,16.78,7.78,25.84,74.15,43.0,1.87
2024,TO,EAD,0,0,24666,42050,4747,5370,20296,247,8,67971,69,5371,29.86,7.9,38.12,61.86,19.25,
2024,TO,Presencial,36404,90999,12743,44694,5779,5891,5617,229,12,56443,23,282,9.95,10.44,20.79,79.18,45.35,2.5
2024,,EAD,18590273,7064524,1497,2580,473,2342,656,106,0,5684,793,11778,11.54,41.2,54.61,45.39,31.6,0.38
