ANO,NO_REGIAO,MODALIDADE,QT_VG_TOTAL,QT_INSCRITO_TOTAL,QT_ING,QT_MAT,QT_CONC,QT_SIT_TRANCADA,QT_SIT_DESVINCULADO,QT_SIT_TRANSFERIDO,QT_SIT_FALECIDO,BASE_VINCULOS,QT_IES,QT_CURSOS,TX_EVASAO_DESVINC_PCT,TX_TRANCAMENTO_PCT,TX_EVASAO_AMPLA_PCT,TX_PERMANENCIA_PCT,REL_CONC_ING_PCT,REL_CAND_VAGA
2022,Centro-Oeste,EAD,0,0,290721,381072,41331,84061,190734,3773,40,659680,195,47454,28.91,12.74,42.23,57.77,14.22,
2022,Centro-Oeste,Presencial,505112,842549,158880,465247,73803,87985,105004,3866,69,662171,284,3480,15.86,13.29,29.73,70.26,46.45,1.67
2022,Nordeste,EAD,0,0,531027,780573,79248,160791,315272,6455,78,1263169,240,101563,24.96,12.73,38.2,61.79,14.92,
2022,Nordeste,Presencial,1394768,2246479,364425,1232148,167402,190300,250889,8468,142,1681947,605,7826,14.92,11.31,26.73,73.26,45.94,1.61
2022,Norte,EAD,0,0,264665,397770,38299,66628,187415,3161,50,655024,154,43219,28.61,10.17,39.27,60.73,14.47,
2022,Norte,Presencial,528644,718342,121240,402901,56117,90858,68821,1958,241,564779,201,2794,12.19,16.09,28.62,71.34,46.29,1.36
2022,Sudeste,EAD,0,0,1393773,1855131,222376,474328,825638,16849,190,3172136,361,214678,26.03,14.95,41.51,58.48,15.95,
2022,Sudeste,Presencial,2602106,3991057,777283,2260055,386539,321950,520039,38146,313,3140503,1065,15313,16.56,10.25,28.03,71.96,49.73,1.53
2022,Sul,EAD,0,0,618571,913562,102081,203933,381810,14457,102,1513864,229,120413,25.22,13.47,39.65,60.35,16.5,
2022,Sul,Presencial,627960,1012675,234573,752831,119940,155962,162512,9621,132,1081058,382,6676,15.03,14.43,30.35,69.64,51.13,1.61
2022,,EAD,17171895,8176586,1799,2826,499,1403,819,114,0,5162,645,9603,15.87,27.18,45.25,54.75,27.74,0.48
2023,Centro-Oeste,EAD,0,0,302294,425152,48568,100785,202210,4378,34,732559,219,53247,27.6,13.76,41.96,58.04,16.07,
2023,Centro-Oeste,Presencial,501409,890595,163816,462681,70801,84751,101357,4909,71,653769,280,3482,15.5,12.96,29.22,70.77,43.22,1.78
2023,Nordeste,EAD,0,0,586314,905084,96816,181386,365493,7816,59,1459838,260,124703,25.04,12.43,38.0,62.0,16.51,
2023,Nordeste,Presencial,1283836,2056785,368543,1214081,171929,173111,259930,7546,116,1654784,593,7772,15.71,10.46,26.63,73.37,46.65,1.6
2023,Norte,EAD,0,0,272246,432451,44290,77953,192206,3640,22,706272,168,50700,27.21,11.04,38.77,61.23,16.27,
2023,Norte,Presencial,487717,764079,130180,414779,55724,78821,80358,1497,2067,577522,197,2799,13.91,13.65,27.82,71.82,42.81,1.57
2023,Sudeste,EAD,0,0,1499595,2149448,277991,556838,929989,22073,195,3658543,401,255779,25.42,15.22,41.24,58.75,18.54,
2023,Sudeste,Presencial,2512491,3876873,771897,2231001,374910,280518,457049,40036,295,3008899,1045,15079,15.19,9.32,25.84,74.15,48.57,1.54
2023,Sul,EAD,0,0,652247,998364,123117,240275,439229,17210,102,1695180,258,140403,25.91,14.17,41.1,58.89,18.88,
2023,Sul,Presencial,655546,1038791,245354,741394,110141,107913,185380,9386,138,1044211,373,6607,17.75,10.33,28.99,71.0,44.89,1.58
2023,,EAD,19180966,5887566,1706,2782,502,1851,824,115,0,5572,725,11039,14.79,33.22,50.07,49.93,29.43,0.31
2024,Centro-Oeste,EAD,0,0,296738,440010,48647,97773,243882,5591,57,787313,231,56594,30.98,12.42,44.11,55.89,16.39,
2024,Centro-Oeste,Presencial,451417,756029,164022,465083,66434,84837,96761,3219,93,649993,281,3447,14.89,13.05,28.43,71.55,40.5,1.67
2024,Nordeste,EAD,0,0,569439,961354,101253,182018,428615,14817,62,1586866,274,135113,27.01,11.47,39.41,60.58,17.78,
2024,Nordeste,Presencial,1227869,2101272,375402,1225167,162092,157656,218700,7165,107,1608795,591,7559,13.59,9.8,23.84,76.15,43.18,1.71
2024,Norte,EAD,0,0,256207,442461,43554,77849,211817,4111,54,736292,165,54651,28.77,10.57,39.9,60.09,17.0,
2024,Norte,Presencial,464478,781905,127904,421508,53306,74408,80560,1716,120,578312,197,2799,13.93,12.87,27.09,72.89,41.68,1.68
2024,Sudeste,EAD,0,0,1588584,2335057,286218,549192,1160005,36310,243,4080807,431,276612,28.43,13.46,42.77,57.22,18.02,
2024,Sudeste,Presencial,2309727,4037825,748617,2183885,340785,240621,461105,36298,273,2922182,1013,14564,15.78,8.23,25.26,74.73,45.52,1.75
2024,Sul,EAD,0,0,635108,1007929,124597,240398,501536,18783,87,1768733,268,150777,28.36,13.59,43.01,56.99,19.62,
2024,Sul,Presencial,621655,981530,247095,742232,106629,101073,141187,9738,143,994373,364,6455,14.2,10.16,25.34,74.64,43.15,1.58
2024,,EAD,18590273,7064524,1497,2580,473,2342,656,106,0,5684,793,11778,11.54,41.2,54.61,45.39,31.6,0.38
