ANO,SG_UF,QT_VG_TOTAL,QT_INSCRITO_TOTAL,QT_ING,QT_MAT,QT_CONC,QT_SIT_TRANCADA,QT_SIT_DESVINCULADO,QT_SIT_TRANSFERIDO,QT_SIT_FALECIDO,BASE_VINCULOS,QT_IES,QT_CURSOS,TX_EVASAO_DESVINC_PCT,TX_TRANCAMENTO_PCT,TX_EVASAO_AMPLA_PCT,TX_PERMANENCIA_PCT,REL_CONC_ING_PCT,REL_CAND_VAGA
2022,AC,25672,43212,19130,38916,5954,9278,11447,243,4,59888,57,2938,19.11,15.49,35.01,64.98,31.12,1.68
2022,AL,64997,122316,51668,112220,13177,17113,34832,593,7,164765,101,5557,21.14,10.39,31.89,68.11,25.5,1.88
2022,AM,145193,153220,84647,178876,20325,42458,50863,1645,22,273864,117,6436,18.57,15.5,34.68,65.32,24.01,1.06
2022,AP,22405,38579,20619,49254,5385,8071,14824,271,199,72619,54,2145,20.41,11.11,31.9,67.83,26.12,1.72
2022,BA,336554,635997,226573,477604,60000,69010,156682,3804,85,707185,270,31743,22.16,9.76,32.45,67.54,26.48,1.89
2022,CE,221695,381953,157587,353362,40124,74963,90578,4136,39,523078,206,18471,17.32,14.33,32.44,67.55,25.46,1.72
2022,DF,174751,277689,114462,228479,34654,52944,73163,2698,19,357303,161,3413,20.48,14.82,36.05,63.95,30.28,1.59
2022,ES,91808,155020,86092,175529,24198,24587,56412,2517,23,259068,153,12995,21.77,9.49,32.24,67.75,28.11,1.69
2022,GO,189162,279008,151749,290085,38358,49232,100956,2732,54,443059,222,20618,22.79,11.11,34.51,65.47,25.28,1.47
2022,MA,107397,247806,94425,224416,25935,31075,55856,977,29,312353,153,13182,17.88,9.95,28.14,71.85,27.47,2.31
2022,MG,451360,851916,432698,912900,133168,134638,247272,8916,124,1303850,438,63235,18.96,10.33,29.97,70.02,30.78,1.89
2022,MS,56691,131613,85401,143089,17873,31278,57012,1054,13,232446,113,11844,24.53,13.46,38.44,61.56,20.93,2.32
2022,MT,84508,154239,97989,184666,24249,38592,64607,1155,23,289043,165,15059,22.35,13.35,36.1,63.89,24.75,1.83
2022,PA,211943,302778,161261,332768,38103,65720,104366,2041,37,504932,171,21378,20.67,13.02,34.09,65.9,23.63,1.43
2022,PB,99896,212914,72874,169437,19663,24162,48625,1460,13,243697,108,7833,19.95,9.91,30.47,69.53,26.98,2.13
2022,PE,321900,311198,146623,323031,41134,53431,88171,2101,19,466753,199,16048,18.89,11.45,30.79,69.21,28.05,0.97
2022,PI,95288,174084,53442,132303,17785,29379,29211,280,12,191185,113,6255,15.28,15.37,30.79,69.2,33.28,1.83
2022,PR,254170,444534,332286,647955,89517,129057,197935,7246,97,982290,271,49683,20.15,13.14,34.03,65.96,26.94,1.75
2022,RJ,517431,808701,410615,859969,106172,274079,247980,15055,128,1397211,235,33911,17.75,19.62,38.44,61.55,25.86,1.56
2022,RN,80363,112507,55710,136010,17264,36707,34908,466,9,208100,91,5783,16.77,17.64,34.64,65.36,30.99,1.4
2022,RO,64617,64611,45037,85485,11622,11845,42246,384,10,139970,97,6706,30.18,8.46,38.92,61.07,25.81,1.0
2022,RR,23797,28303,16983,30909,3292,10421,10769,243,6,52348,53,1770,20.57,19.91,40.94,59.05,19.38,1.19
2022,RS,230113,333817,291189,575885,78516,158755,196272,10040,76,941028,213,45170,20.86,16.87,38.79,61.2,26.96,1.45
2022,SC,143677,234324,229669,442553,53988,72083,150115,6792,61,671604,195,32236,22.35,10.73,34.1,65.89,23.51,1.63
2022,SE,66678,47704,36550,84338,11568,15251,27298,1106,7,128000,77,4517,21.33,11.91,34.11,65.89,31.65,0.72
2022,SP,1541507,2175420,1241651,2166788,345377,362974,794013,28507,228,3352510,689,119850,23.68,10.83,35.36,64.63,27.82,1.41
2022,TO,35017,87639,38228,84463,9735,9693,21721,292,13,116182,82,4640,18.7,8.34,27.29,72.7,25.47,2.5
2022,,17171895,8176586,1799,2826,499,1403,819,114,0,5162,645,9603,15.87,27.18,45.25,54.75,27.74,0.48
2023,AC,38914,51831,20691,40197,5077,9146,13822,263,5,63433,55,3581,21.79,14.42,36.62,63.37,24.54,1.33
2023,AL,57516,121568,54272,119134,13694,17333,33940,559,5,170971,102,6402,19.85,10.14,30.32,69.68,25.23,2.11
2023,AM,128714,155439,89409,199623,21191,37372,56762,1288,25,295070,124,7993,19.24,12.67,32.34,67.65,23.7,1.21
2023,AP,19984,53041,20793,46984,5334,8352,15740,196,2013,73285,54,2552,21.48,11.4,33.14,64.11,25.65,2.65
2023,BA,282556,515716,230197,489389,63507,71313,159242,4212,30,724186,278,38356,21.99,9.85,32.42,67.58,27.59,1.83
2023,CE,246724,394443,171679,380676,44289,78169,107601,3948,47,570441,209,21904,18.86,13.7,33.26,66.73,25.8,1.6
2023,DF,162641,243866,116671,234605,35849,53432,73219,3515,16,364787,160,3751,20.07,14.65,35.68,64.31,30.73,1.5
2023,ES,102221,184527,86968,182091,24927,27262,55273,1659,12,266297,162,14427,20.76,10.24,31.62,68.38,28.66,1.81
2023,GO,200937,312603,161449,307764,41324,54649,103775,2954,35,469177,238,23030,22.12,11.65,34.4,65.6,25.6,1.56
2023,MA,113194,237529,99541,235935,27496,34000,59901,1594,28,331458,157,15554,18.07,10.26,28.81,71.18,27.62,2.1
2023,MG,419668,827297,456081,953358,137596,143899,281970,10173,103,1389503,441,74705,20.29,10.36,31.38,68.61,30.17,1.97
2023,MS,53203,160378,85814,153930,19488,34672,54880,1385,32,244899,115,12926,22.41,14.16,37.13,62.85,22.71,3.01
2023,MT,84628,173748,102176,191534,22708,42783,71693,1433,22,307465,168,17022,23.32,13.91,37.7,62.29,22.22,2.05
2023,PA,191993,350907,170388,354559,40849,71294,112242,2254,21,540370,183,24727,20.77,13.19,34.38,65.61,23.97,1.83
2023,PB,91544,202062,75897,180896,23119,23150,46059,1304,14,251423,119,9532,18.32,9.21,28.05,71.95,30.46,2.21
2023,PE,288035,305841,161665,337213,45879,66812,101501,1792,28,507346,210,20234,20.01,13.17,33.53,66.47,28.38,1.06
2023,PI,78795,125796,58140,142576,19407,30405,33368,364,11,206724,128,7810,16.14,14.71,31.03,68.97,33.38,1.6
2023,PR,260238,431169,354008,687754,92968,139689,221140,7790,104,1056477,276,56970,20.93,13.22,34.89,65.1,26.26,1.66
2023,RJ,550582,777052,457134,922810,124793,282656,289926,16325,120,1511837,246,40029,19.18,18.7,38.95,61.04,27.3,1.41
2023,RN,71708,112100,62909,145425,19912,19449,57067,505,5,222451,96,7376,25.65,8.74,34.62,65.37,31.65,1.56
2023,RO,54537,59412,46154,87697,12305,11387,31843,503,15,131445,99,7312,24.23,8.66,33.27,66.72,26.66,1.09
2023,RR,18874,21975,15722,32430,3469,8973,12986,203,1,54593,53,2070,23.79,16.44,40.59,59.4,22.06,1.16
2023,RS,232467,350354,304059,588214,81337,130102,240553,11071,67,970007,224,52567,24.8,13.41,39.35,60.64,26.75,1.51
2023,SC,162841,257268,239534,463790,58953,78397,162916,7735,69,712907,200,37473,22.85,11.0,34.93,65.06,24.61,1.58
2023,SE,53764,41730,40557,87921,11442,13866,26744,1084,7,129622,77,5307,20.63,10.7,32.17,67.83,28.21,0.78
2023,SP,1440020,2087997,1271309,2322190,365585,383539,759869,33952,255,3499805,701,141697,21.71,10.96,33.64,66.35,28.76,1.45
2023,TO,34701,71474,39269,85740,11789,10250,29169,430,9,125598,90,5264,23.22,8.16,31.73,68.27,30.02,2.06
2023,,19180966,5887566,1706,2782,502,1851,824,115,0,5572,725,11039,14.79,33.22,50.07,49.93,29.43,0.31
2024,AC,18764,46608,18251,39096,4621,9359,14552,347,1,63355,61,3914,22.97,14.77,38.29,61.71,25.32,2.48
2024,AL,53435,114996,53421,123043,13315,16316,38337,829,7,178532,100,6895,21.47,9.14,31.08,68.92,24.92,2.15
2024,AM,133727,166032,85571,196696,22425,37640,72154,1436,17,307943,126,8666,23.43,12.22,36.12,63.87,26.21,1.24
2024,AP,22727,40634,19878,47793,4580,6787,15517,279,87,70463,53,2671,22.02,9.63,32.05,67.83,23.04,1.79
2024,BA,249757,530448,235272,501861,65537,74305,167963,4442,52,748623,277,40715,22.44,9.93,32.96,67.04,27.86,2.12
2024,CE,239305,420370,159948,380358,43346,75013,117836,5783,35,579025,209,23274,20.35,12.96,34.3,65.69,27.1,1.76
2024,DF,137663,198624,122040,248333,34946,49929,83379,2262,28,383931,160,3917,21.72,13.0,35.31,64.68,28.63,1.44
2024,ES,80663,150609,97493,182335,22862,25276,68344,2216,24,278195,155,15341,24.57,9.09,34.45,65.54,23.45,1.87
2024,GO,182940,286259,156798,312645,39091,53504,117908,3204,65,487326,243,24102,24.19,10.98,35.83,64.16,24.93,1.56
2024,MA,111963,243367,91625,231739,24480,30528,73048,1283,17,336615,157,16351,21.7,9.07,31.15,68.84,26.72,2.17
2024,MG,428219,772531,445445,950761,129719,142220,324888,11423,139,1429431,443,79797,22.73,9.95,33.48,66.51,29.12,1.8
2024,MS,48599,135899,82390,154246,18461,33680,64093,1487,30,253536,117,13707,25.28,13.28,39.15,60.84,22.41,2.8
2024,MT,82215,135247,99532,189869,22583,45497,75263,1857,27,312513,170,18315,24.08,14.56,39.24,60.76,22.69,1.65
2024,PA,170296,339452,163799,370821,40513,66365,120611,2577,37,560411,177,26569,21.52,11.84,33.82,66.17,24.73,1.99
2024,PB,94351,166564,75651,188630,23235,25322,44302,1959,10,260223,123,10447,17.02,9.73,27.51,72.49,30.71,1.77
2024,PE,299936,285927,170169,371775,46317,56929,103809,4365,32,536910,214,22775,19.33,10.6,30.75,69.24,27.22,0.95
2024,PI,73500,160884,60579,148716,17611,32523,35280,754,8,217281,127,8693,16.24,14.97,31.55,68.44,29.07,2.19
2024,PR,240344,422169,362099,711466,94755,143396,245668,9774,105,1110409,276,60850,22.12,12.91,35.92,64.07,26.17,1.76
2024,RJ,554841,782273,454728,944813,121708,237951,358658,16574,139,1558135,246,42785,23.02,15.27,39.35,60.64,26.77,1.41
2024,RN,60594,140713,60064,150753,18210,17092,40011,1294,8,209158,102,8022,19.13,8.17,27.92,72.08,30.32,2.32
2024,RO,60563,71684,43154,88648,10928,11633,32167,528,10,132986,99,7805,24.19,8.75,33.33,66.66,25.32,1.18
2024,RR,21997,26496,16049,34171,3267,9212,11463,184,2,55032,53,2172,20.83,16.74,37.9,62.09,20.36,1.2
2024,RS,224971,312414,283752,579186,77148,121853,217833,10984,71,929927,223,55651,23.42,13.1,37.71,62.28,27.19,1.39
2024,SC,156340,246947,236352,459509,59323,76222,179222,7763,54,722770,201,40731,24.8,10.55,36.42,63.58,25.1,1.58
2024,SE,45028,38003,38112,89646,11294,11646,26729,1273,0,129294,76,5500,20.67,9.01,30.66,69.34,29.63,0.84
2024,SP,1246004,2332412,1339535,2441033,352714,384366,869220,42395,214,3737228,694,153253,23.26,10.28,34.68,65.32,26.33,1.87
2024,TO,36404,90999,37409,86744,10526,11261,25913,476,20,124414,87,5653,20.83,9.05,30.26,69.72,28.14,2.5
2024,,18590273,7064524,1497,2580,473,2342,656,106,0,5684,793,11778,11.54,41.2,54.61,45.39,31.6,0.38
