ANO,NO_CINE_AREA_GERAL,QT_VG_TOTAL,QT_INSCRITO_TOTAL,QT_ING,QT_MAT,QT_CONC,QT_SIT_TRANCADA,QT_SIT_DESVINCULADO,QT_SIT_TRANSFERIDO,QT_SIT_FALECIDO,BASE_VINCULOS,QT_IES,QT_CURSOS,TX_EVASAO_DESVINC_PCT,TX_TRANCAMENTO_PCT,TX_EVASAO_AMPLA_PCT,TX_PERMANENCIA_PCT,REL_CONC_ING_PCT,REL_CAND_VAGA,QT_ING_CRESC_PCT,QT_ING_IDX100
2022,"Agricultura, silvicultura, pesca e veterinária",355025,527790,125310,325015,36113,40421,65426,1443,50,432355,610,6308,15.13,9.35,24.82,75.17,28.82,1.49,,100.0
2023,"Agricultura, silvicultura, pesca e veterinária",365779,528843,134427,349597,37507,41822,76317,1902,62,469700,645,8242,16.25,8.9,25.56,74.43,27.9,1.45,7.28,107.3
2024,"Agricultura, silvicultura, pesca e veterinária",283081,501860,127268,356020,39703,43275,70358,1719,68,471440,636,8329,14.92,9.18,24.47,75.52,31.2,1.77,-5.33,101.6
2022,Artes e humanidades,759146,494907,132960,238724,30932,61056,83618,2964,31,386393,571,30602,21.64,15.8,38.21,61.78,23.26,0.65,,100.0
2023,Artes e humanidades,803060,381773,139253,254521,39934,62372,92914,3058,77,412942,570,37455,22.5,15.1,38.35,61.64,28.68,0.48,4.73,104.7
2024,Artes e humanidades,624167,382214,143105,257128,39981,61930,103284,3245,26,425613,565,41984,24.27,14.55,39.58,60.41,27.94,0.61,2.77,107.6
2022,"Ciências naturais, matemática e estatística",211586,162304,42163,129425,14146,29267,29212,1923,13,189840,301,8245,15.39,15.42,31.82,68.18,33.55,0.77,,100.0
2023,"Ciências naturais, matemática e estatística",260220,164368,44272,128240,14781,27607,33886,1936,96,191765,293,9336,17.67,14.4,33.08,66.87,33.39,0.63,5.0,105.0
2024,"Ciências naturais, matemática e estatística",246948,195450,44832,128443,15108,27308,31208,1635,16,188610,279,9999,16.55,14.48,31.89,68.1,33.7,0.79,1.26,106.3
2022,"Ciências sociais, comunicação e informação",1096429,1013660,214365,524916,65454,94334,121558,4948,73,745829,1039,23026,16.3,12.65,29.61,70.38,30.53,0.92,,100.0
2023,"Ciências sociais, comunicação e informação",1232216,965656,241440,568943,70070,94331,136437,6099,381,806191,1102,29344,16.92,11.7,29.38,70.57,29.02,0.78,12.63,112.6
2024,"Ciências sociais, comunicação e informação",1169345,1033474,247420,604893,77189,92550,149532,5677,79,852731,1136,31872,17.54,10.85,29.05,70.94,31.2,0.88,2.48,115.4
2022,Computação e Tecnologias da Informação e Comunicação (TIC),2298785,1432042,410454,594580,61760,141220,203332,7961,72,947165,942,55007,21.47,14.91,37.22,62.77,15.05,0.62,,100.0
2023,Computação e Tecnologias da Informação e Comunicação (TIC),2821997,1173430,472830,724485,80316,170894,254008,10689,166,1160242,951,67325,21.89,14.73,37.54,62.44,16.99,0.42,15.2,115.2
2024,Computação e Tecnologias da Informação e Comunicação (TIC),2641395,1423984,489067,800222,100488,179110,302613,19763,74,1301782,943,73134,23.25,13.76,38.52,61.47,20.55,0.54,3.43,119.2
2022,Educação,4076131,2268196,804935,1687809,258517,333631,531895,14910,305,2568550,1337,122845,20.71,12.99,34.28,65.71,32.12,0.56,,100.0
2023,Educação,4501940,1995580,847514,1734150,233942,344475,560912,16734,1277,2657548,1302,138555,21.11,12.96,34.7,65.25,27.6,0.44,5.29,105.3
2024,Educação,4371785,2169977,844146,1758512,207450,342136,617650,23126,301,2741725,1258,146220,22.53,12.48,35.85,64.14,24.58,0.5,-0.4,104.9
2022,"Engenharia, produção e construção",2100593,1377913,344190,903081,124669,160580,254922,11189,127,1329899,1181,49403,19.17,12.07,32.08,67.91,36.22,0.66,,100.0
2023,"Engenharia, produção e construção",2217264,1143947,358415,892728,119074,147614,262781,11439,257,1314819,1148,59681,19.99,11.23,32.08,67.9,33.22,0.52,4.13,104.1
2024,"Engenharia, produção e construção",2102170,1133792,355135,887521,110596,143897,256362,12823,107,1300710,1111,65180,19.71,11.06,31.76,68.23,31.14,0.54,-0.92,103.2
2022,"Negócios, administração e direito",6991077,4778950,1456470,2655174,409695,614161,1028141,29653,383,4327512,2066,178764,23.76,14.19,38.64,61.36,28.13,0.68,,100.0
2023,"Negócios, administração e direito",7523520,3891923,1486196,2743122,464537,622499,1010342,30328,401,4406692,2051,200991,22.93,14.13,37.74,62.25,31.26,0.52,2.04,102.0
2024,"Negócios, administração e direito",7523647,4245440,1485712,2755740,423055,566218,1124531,30927,299,4477715,2060,210353,25.11,12.65,38.45,61.54,28.47,0.56,-0.03,102.0
2022,Programas básicos,72566,125146,29059,38004,0,4756,9507,11997,3,64267,111,1398,14.79,7.4,40.86,59.13,0.0,1.72,,100.0
2023,Programas básicos,75182,140730,36946,48464,0,5358,14384,11957,12,80175,119,1714,17.94,6.68,39.54,60.45,0.0,1.87,27.14,127.1
2024,Programas básicos,89269,184350,44421,61053,0,6074,17217,14988,3,99335,134,2042,17.33,6.11,38.54,61.46,0.0,2.07,20.23,152.9
2022,Saúde e bem-estar,3594742,4185178,995822,2070448,246372,282713,552677,16773,257,2922868,1405,57277,18.91,9.67,29.16,70.84,24.74,1.16,,100.0
2023,Saúde e bem-estar,3499215,3693630,1025944,2239337,267325,289390,621874,20850,341,3171792,1419,72040,19.61,9.12,29.39,70.6,26.06,1.06,3.02,103.0
2024,Saúde e bem-estar,3406072,3962018,1036679,2345749,274084,275782,695331,20125,234,3337221,1428,81903,20.84,8.26,29.7,70.29,26.44,1.16,1.05,104.1
2022,Serviços,1274405,621602,201229,276940,39977,76060,128665,3107,43,484815,603,40144,26.54,15.69,42.87,57.12,19.87,0.49,,100.0
2023,Serviços,1321572,434809,206955,293630,47303,77840,150170,3614,29,525283,595,46927,28.59,14.82,44.1,55.9,22.86,0.33,2.85,102.8
2024,Serviços,1207540,490526,192828,271985,46334,69887,176738,3826,32,522468,581,49333,33.83,13.38,47.94,52.06,24.03,0.41,-6.83,95.8
