ANO,NO_CINE_ROTULO,QT_VG_TOTAL,QT_INSCRITO_TOTAL,QT_ING,QT_MAT,QT_CONC,QT_SIT_TRANCADA,QT_SIT_DESVINCULADO,QT_SIT_TRANSFERIDO,QT_SIT_FALECIDO,BASE_VINCULOS,QT_IES,QT_CURSOS,TX_EVASAO_DESVINC_PCT,TX_TRANCAMENTO_PCT,TX_EVASAO_AMPLA_PCT,TX_PERMANENCIA_PCT,REL_CONC_ING_PCT,REL_CAND_VAGA,QT_MAT_CRESC_PCT,QT_MAT_IDX100
2022,Agrocomputação,2636,1180,789,911,46,97,338,15,0,1361,8,394,24.83,7.13,33.06,66.94,5.83,0.45,,100.0
2023,Agrocomputação,9512,2499,812,1260,36,104,389,22,0,1775,8,511,21.92,5.86,29.01,70.99,4.43,0.26,38.31,138.3
2024,Agrocomputação,2840,1374,673,1269,138,213,679,32,0,2193,11,542,30.96,9.71,42.13,57.87,20.51,0.48,0.71,139.3
2022,Banco de dados,43701,25363,4507,5358,682,1576,2611,80,0,9625,46,1704,27.13,16.37,44.33,55.67,15.13,0.58,,100.0
2023,Banco de dados,88169,17841,4912,6412,1079,1889,2859,126,1,11287,55,2274,25.33,16.74,43.18,56.81,21.97,0.2,19.67,119.7
2024,Banco de dados,85635,18065,6044,7270,941,1963,4045,185,0,13463,60,2817,30.05,14.58,46.0,54.0,15.57,0.21,13.38,135.7
2022,Ciência da computação,156128,184929,46271,93360,7183,18982,21055,1280,15,134692,316,3298,15.63,14.09,30.68,69.31,15.52,1.18,,100.0
2023,Ciência da computação,208322,213317,56678,112056,9811,22318,28154,1743,91,164362,333,4753,17.13,13.58,31.77,68.18,17.31,1.02,20.03,120.0
2024,Ciência da computação,195719,249978,58325,127190,10607,22320,33253,2314,13,185090,343,5695,17.97,12.06,31.28,68.72,18.19,1.28,13.51,136.2
2022,Ciência de dados,148111,80153,18806,23243,841,5080,7126,303,2,35754,84,3961,19.93,14.21,34.99,65.01,4.47,0.54,,100.0
2023,Ciência de dados,152839,50614,19626,28946,2195,6636,11383,362,3,47330,97,4713,24.05,14.02,38.84,61.16,11.18,0.33,24.54,124.5
2024,Ciência de dados,139796,68150,19520,28189,2586,7385,10937,6834,1,53346,108,5005,20.5,13.84,47.16,52.84,13.25,0.49,-2.62,121.3
2022,Computação e Tecnologias da Informação e Comunicação (TIC) em biociências e saúde,7886,993,186,483,62,27,127,3,0,640,7,73,19.84,4.22,24.53,75.47,33.33,0.13,,100.0
2023,Computação e Tecnologias da Informação e Comunicação (TIC) em biociências e saúde,7811,487,177,449,50,8,133,0,0,590,7,72,22.54,1.36,23.9,76.1,28.25,0.06,-7.04,93.0
2024,Computação e Tecnologias da Informação e Comunicação (TIC) em biociências e saúde,325,973,179,450,51,14,117,3,0,584,7,52,20.03,2.4,22.95,77.05,28.49,2.99,0.22,93.2
2022,Criação digital,456,2581,362,1283,118,151,235,10,0,1679,4,6,14.0,8.99,23.59,76.41,32.6,5.66,,100.0
2023,Criação digital,415,2432,350,1334,186,122,220,7,0,1683,4,6,13.07,7.25,20.74,79.26,53.14,5.86,3.98,104.0
2024,Criação digital,489,2431,337,1286,197,106,233,8,0,1633,5,7,14.27,6.49,21.25,78.75,58.46,4.97,-3.6,100.2
2022,Defesa cibernética,114778,51063,5090,5489,776,2044,2301,86,0,9920,32,2125,23.2,20.6,44.67,55.33,15.25,0.44,,100.0
2023,Defesa cibernética,146891,14503,7620,8295,1002,2743,3346,103,1,14488,38,3224,23.09,18.93,42.74,57.25,13.15,0.1,51.12,151.1
2024,Defesa cibernética,113080,21262,9081,10547,1132,3390,5306,247,3,19493,51,3895,27.22,17.39,45.88,54.11,12.47,0.19,27.15,192.1
2024,Engenharia de computação,98505,89831,20761,60569,5669,9282,13225,3531,10,86617,265,3731,15.27,10.72,30.06,69.93,27.31,0.91,,100.0
2022,Engenharia de computação (DCN Computação),20827,21918,5718,15282,1241,2278,2812,325,1,20698,96,471,13.59,11.01,26.16,73.83,21.7,1.05,,100.0
2023,Engenharia de computação (DCN Computação),29482,30653,7202,17426,1487,2322,3808,354,2,23912,99,914,15.93,9.71,27.12,72.88,20.65,1.04,14.03,114.0
2022,Engenharia de computação (DCN Engenharia),52844,66148,14762,39108,2726,7498,7725,714,7,55052,173,2190,14.03,13.62,28.95,71.04,18.47,1.25,,100.0
2023,Engenharia de computação (DCN Engenharia),53179,77812,16433,43228,3848,7135,10148,542,3,61056,173,2452,16.62,11.69,29.19,70.8,23.42,1.46,10.53,110.5
2022,Engenharia de software,128712,68507,31573,37071,1270,6509,12707,502,5,56794,111,6009,22.37,11.46,34.72,65.27,4.02,0.53,,100.0
2023,Engenharia de software,276051,83112,39536,53597,1950,11121,17250,925,5,82898,133,7438,20.81,13.42,35.34,64.65,4.93,0.3,44.58,144.6
2024,Engenharia de software,257067,94044,46185,69832,3081,14994,24063,1288,8,110185,154,7807,21.84,13.61,36.62,63.38,6.67,0.37,30.29,188.4
2022,Gestão da tecnologia da informação,246239,108716,40339,49467,6502,14690,24098,1093,5,89353,222,7746,26.97,16.44,44.63,55.36,16.12,0.44,,100.0
2023,Gestão da tecnologia da informação,275432,94440,44840,56792,7936,17895,27715,1177,8,103587,228,8756,26.76,17.28,45.17,54.83,17.7,0.34,14.81,114.8
2024,Gestão da tecnologia da informação,276668,109835,44092,59647,9095,16978,34546,1175,3,112349,233,9178,30.75,15.11,46.91,53.09,20.63,0.4,5.03,120.6
2022,Inteligência artificial,91140,44449,400,396,20,38,154,1,0,589,15,172,26.15,6.45,32.77,67.23,5.0,0.49,,100.0
2023,Inteligência artificial,83490,1897,696,729,57,86,325,6,0,1146,17,295,28.36,7.5,36.39,63.61,8.19,0.02,84.09,184.1
2024,Inteligência artificial,67817,6945,3919,3250,134,329,1132,30,0,4741,27,1222,23.88,6.94,31.45,68.55,3.42,0.1,345.82,820.7
2022,Internet das coisas,74876,44214,297,379,44,92,224,8,0,703,20,317,31.86,13.09,46.09,53.91,14.81,0.59,,100.0
2023,Internet das coisas,64925,1484,273,376,91,44,286,0,0,706,24,327,40.51,6.23,46.74,53.26,33.33,0.02,-0.79,99.2
2024,Internet das coisas,88484,9711,252,382,71,37,191,8,0,618,26,314,30.91,5.99,38.19,61.81,28.17,0.11,1.6,100.8
2022,Jogos digitais,137206,50462,5722,8534,1144,2762,3694,182,1,15173,108,2334,24.35,18.2,43.75,56.24,19.99,0.37,,100.0
2023,Jogos digitais,148206,13383,5546,8813,1292,2418,4503,220,2,15956,111,2928,28.22,15.15,44.75,55.23,23.3,0.09,3.27,103.3
2024,Jogos digitais,93492,21895,4725,8466,1439,2089,4101,291,0,14947,111,2982,27.44,13.98,43.36,56.64,30.46,0.23,-3.94,99.2
2024,Programas abrangendo Computação e Tecnologias da Informação e Comunicação (TIC) em processo de definição da classificação,10763,751,701,823,160,458,824,23,0,2128,17,1101,38.72,21.52,61.33,38.67,22.82,0.07,,100.0
2022,Programas interdisciplinares abrangendo computação e Tecnologias da Informação e Comunicação (TIC),121701,49540,1781,3317,234,982,553,15,0,4867,35,471,11.36,20.18,31.85,68.15,13.14,0.41,,100.0
2023,Programas interdisciplinares abrangendo computação e Tecnologias da Informação e Comunicação (TIC),121158,7811,2260,4267,368,774,1349,31,0,6421,40,535,21.01,12.05,33.55,66.45,16.28,0.06,28.64,128.6
2024,Programas interdisciplinares abrangendo computação e Tecnologias da Informação e Comunicação (TIC),131965,47486,14622,14735,1178,2266,2364,23,0,19388,46,899,12.19,11.69,24.0,76.0,8.06,0.36,245.32,444.2
2022,Redes de computadores,137990,34682,12964,18532,2580,6056,8939,323,3,33853,183,4091,26.41,17.89,45.25,54.74,19.9,0.25,,100.0
2023,Redes de computadores,160456,26574,13369,20814,3189,5964,8805,318,3,35904,174,4953,24.52,16.61,42.02,57.97,23.85,0.17,12.31,112.3
2024,Redes de computadores,163062,25397,12335,20661,3833,5391,9949,354,0,36355,158,5125,27.37,14.83,43.17,56.83,31.07,0.16,-0.74,111.5
2022,Segurança da informação,98323,13116,5368,8432,1072,1737,3341,86,2,13598,51,1644,24.57,12.77,37.98,62.01,19.97,0.13,,100.0
2023,Segurança da informação,123415,11556,5168,8932,1584,1423,3878,128,1,14362,63,2024,27.0,9.91,37.8,62.19,30.65,0.09,5.93,105.9
2024,Segurança da informação,114965,14357,6471,10028,1693,1328,3902,175,1,15434,61,2419,25.28,8.6,35.02,64.97,26.16,0.12,12.27,118.9
2022,Sistemas de informação,698980,620404,220700,308850,36335,75225,107851,3531,33,495490,727,16745,21.77,15.18,37.66,62.33,16.46,0.89,,100.0
2023,Sistemas de informação,823095,571792,254286,378610,46022,91863,133020,4968,45,608506,743,19223,21.86,15.1,37.77,62.22,18.1,0.69,22.59,122.6
2024,Sistemas de informação,810261,702177,252078,420479,61827,97332,160022,6604,42,684479,750,20334,23.38,14.22,38.56,61.43,24.53,0.87,11.06,136.1
2022,Sistemas embarcados,125,160,89,127,4,44,24,1,0,196,2,2,12.24,22.45,35.2,64.8,4.49,1.28,,100.0
2023,Sistemas embarcados,195,186,110,168,22,31,73,3,0,275,3,3,26.55,11.27,38.91,61.09,20.0,0.95,32.28,132.3
2022,Sistemas para internet,68970,29612,9492,14066,1606,2850,5142,117,5,22180,122,3444,23.18,12.85,36.56,63.42,16.92,0.43,,100.0
2023,Sistemas para internet,102133,28849,9369,15209,1959,3133,6512,196,4,25054,122,4376,25.99,12.5,39.28,60.7,20.91,0.28,8.13,108.1
2024,Sistemas para internet,88967,29153,9528,15718,2325,2517,6949,169,3,25356,126,3740,27.41,9.93,38.0,61.99,24.4,0.33,3.35,111.7
