ANO,FAIXA,QT_MAT,PCT
2022,0-17,791.0,0.12
2022,18-24,322600.0,50.91
2022,25-29,128958.0,20.35
2022,30-34,76168.0,12.02
2022,35-39,49775.0,7.85
2022,40-49,44761.0,7.06
2022,50-59,9257.0,1.46
2022,60+,1378.0,0.22
2023,0-17,836.0,0.11
2023,18-24,404392.0,52.67
2023,25-29,152845.0,19.91
2023,30-34,87729.0,11.43
2023,35-39,56924.0,7.41
2023,40-49,52059.0,6.78
2023,50-59,11214.0,1.46
2023,60+,1714.0,0.22
2024,0-17,596.0,0.07
2024,18-24,463044.0,53.79
2024,25-29,170544.0,19.81
2024,30-34,94993.0,11.04
2024,35-39,60327.0,7.01
2024,40-49,56556.0,6.57
2024,50-59,12768.0,1.48
2024,60+,1963.0,0.23
