ANO,NO_REGIAO,QT_VG_TOTAL,QT_INSCRITO_TOTAL,QT_ING,QT_MAT,QT_CONC,QT_SIT_TRANCADA,QT_SIT_DESVINCULADO,QT_SIT_TRANSFERIDO,QT_SIT_FALECIDO,BASE_VINCULOS,QT_IES,QT_CURSOS,TX_EVASAO_DESVINC_PCT,TX_TRANCAMENTO_PCT,TX_EVASAO_AMPLA_PCT,TX_PERMANENCIA_PCT,REL_CONC_ING_PCT,REL_CAND_VAGA,QT_MAT_CRESC_PCT,QT_MAT_IDX100
2022,Centro-Oeste,29131,46458,38380,55870,5698,14375,18629,627,9,89510,171,4813,20.81,16.06,37.57,62.42,14.85,1.59,,100.0
2023,Centro-Oeste,30163,60909,46210,69978,6692,17239,23624,867,12,111720,183,5631,21.15,15.43,37.35,62.64,14.48,2.02,25.25,125.3
2024,Centro-Oeste,28886,51819,48240,80232,8784,19361,29670,1084,12,130359,184,6199,22.76,14.85,38.44,61.55,18.21,1.79,14.65,143.6
2022,Nordeste,71257,111151,65492,105197,9200,25280,30625,968,10,162080,264,10451,18.89,15.6,35.09,64.9,14.05,1.56,,100.0
2023,Nordeste,67239,122103,77033,127297,12408,30728,41005,1328,8,200366,266,13175,20.47,15.34,36.46,63.53,16.11,1.82,21.01,121.0
2024,Nordeste,69365,121480,81210,147797,16820,30928,49672,1755,10,230162,270,14683,21.58,13.44,35.78,64.21,20.71,1.75,16.1,140.5
2022,Norte,26449,29391,19872,30745,2785,9437,11563,314,1,52060,146,4155,22.21,18.13,40.94,59.06,14.01,1.11,,100.0
2023,Norte,22038,35779,23765,37040,3064,10601,13187,395,86,61309,152,5053,21.51,17.29,39.44,60.42,12.89,1.62,20.47,120.5
2024,Norte,23626,38787,24203,41346,4044,11199,16415,505,4,69469,148,5470,23.63,16.12,40.48,59.52,16.71,1.64,11.63,134.5
2022,Sudeste,185364,279946,226916,332184,36054,71236,112969,4758,38,521185,474,24733,21.68,13.67,36.26,63.74,15.89,1.51,,100.0
2023,Sudeste,184862,313358,256079,403069,48589,86640,135684,6013,46,631452,490,30173,21.49,13.72,36.16,63.83,18.97,1.7,21.34,121.3
2024,Sudeste,177846,381586,272378,448683,59685,91715,165774,16821,42,723035,494,33273,22.93,12.68,37.94,62.06,21.91,2.15,11.32,135.1
2022,Sul,41018,59848,74216,109198,10679,28184,37121,1989,21,176513,244,12002,21.03,15.97,38.12,61.86,14.39,1.46,,100.0
2023,Sul,43148,75009,85866,129839,13312,32532,50515,2602,17,215505,245,14517,23.44,15.1,39.74,60.25,15.5,1.74,18.9,118.9
2024,Sul,42260,75988,83528,142295,16735,34803,54196,3112,16,234422,246,15884,23.12,14.85,39.29,60.7,20.04,1.8,9.59,130.3
2022,,1998410,971396,340,494,70,206,150,19,0,869,244,1043,17.26,23.71,43.15,56.85,20.59,0.49,,
2023,,2527726,644084,310,490,99,289,141,26,0,946,284,1228,14.9,30.55,48.2,51.8,31.94,0.25,,
2024,,2397917,844155,269,438,89,386,111,17,0,952,312,1356,11.66,40.55,53.99,46.01,33.09,0.35,,
